{"name":"Colorblind Safe","dataColors":["#074650","#009292","#fe6db6","#feb5da","#480091","#b66dff","#b5dafe","#6db6ff","#914800","#23fd23","#396B73","#33A8A8","#FE8AC5","#FEC4E1","#6D33A7","#C58AFF","#C4E1FE","#8AC5FF","#A76D33","#4FFD4F","#05353C","#006E6E","#BF5289","#BF88A4","#36006D","#8952BF","#88A4BF","#5289BF","#6D3600","#1ABE1A","#042328","#004949","#7F375B","#7F5B6D","#240049","#5B3780","#5B6D7F","#375B80","#492400","#127F12"],"background":"#FFFFFF","foreground":"#070f25","tableAccent":"#0F1934"}