{"name":"Sunset Lavender","dataColors":["#B6B0FF","#3049AD","#FF994E","#C83D95","#FFBBED","#42F9F9","#00B2D9","#FFD86C","#EE7272","#98140C","#C5C0FF","#596DBD","#FFAD71","#D364AA","#FFC9F1","#68FAFA","#33C1E1","#FFE089","#F18E8E","#AD433D","#8984BF","#243782","#BF733B","#962E70","#BF8CB2","#32BBBB","#0086A3","#BFA251","#B35656","#720F09","#5B5880","#182557","#804D27","#641F4B","#805E77","#217D7D","#00596D","#806C36","#773939","#4C0A06"],"background":"#FFFFFF","foreground":"#070f25","tableAccent":"#0F1934"}